Title,Company,Location,Easy Apply,Actively Reviewing,Link
Custom Software Engineer,Accenture in India,Bengaluru,No,No,https://www.linkedin.com/jobs/view/4448370240/
Software Engr I,Honeywell Technologies,Bengaluru,No,Yes,https://www.linkedin.com/jobs/view/4461790871/
Principal Systems Engineer,Oracle,Bengaluru,No,No,https://www.linkedin.com/jobs/view/4469322971/
Full stack engineer,Potpie AI,Bengaluru,No,No,https://www.linkedin.com/jobs/view/4470975766/
L2 Support-Associate Developer,Valtech,Bengaluru,No,Yes,https://www.linkedin.com/jobs/view/4410038516/
Full-Stack AI Developer (MERN stack),Enphase Energy,Bengaluru,No,Yes,https://www.linkedin.com/jobs/view/4470983454/
Associate Software Engineer,Emmes Group,Bengaluru,No,Yes,https://www.linkedin.com/jobs/view/4469484243/
Custom Software Engineer,Accenture in India,Hyderabad,No,No,https://www.linkedin.com/jobs/view/4448374837/
IND Lead Associate/Engineer .NET/Python/Angular Full Stack,The Hartford India,Hyderabad,No,Yes,https://www.linkedin.com/jobs/view/4469338257/
Software Engineer,Cisco,Hyderabad,No,Yes,https://www.linkedin.com/jobs/view/4451671142/
Data Engineer,ZySec AI,Hyderabad,Yes,No,https://www.linkedin.com/jobs/view/4469327463/
"Cloud Engineer, Specialist",Vanguard,Hyderabad,No,Yes,https://www.linkedin.com/jobs/view/4470967122/
Sr. Software Engineer B3,Cognizant,Hyderabad,No,Yes,https://www.linkedin.com/jobs/view/4469470172/
Senior Software Engineer-Java Fullstack,Wells Fargo,Hyderabad,No,Yes,https://www.linkedin.com/jobs/view/4462151660/
Backend Developer,Actalent,Chennai,No,Yes,https://www.linkedin.com/jobs/view/4469479382/
Custom Software Engineer,Accenture in India,Chennai,No,No,https://www.linkedin.com/jobs/view/4448382868/
Software Engineer,Applied Materials India,Chennai,No,Yes,https://www.linkedin.com/jobs/view/4469341113/
Java Developer,Citi,Chennai,No,Yes,https://www.linkedin.com/jobs/view/4470972366/
Software Engineer,Ford Motor Company,Chennai,No,Yes,https://www.linkedin.com/jobs/view/4470967438/
"Software Engineer II – C++, SIP",Five9,Chennai,No,Yes,https://www.linkedin.com/jobs/view/4460967376/
Senior IoT Engineer,Ciklum,Chennai,No,Yes,https://www.linkedin.com/jobs/view/4470965448/
Custom Software Engineer,Accenture in India,Chennai,No,No,https://www.linkedin.com/jobs/view/4448351600/
Java Developer(AWS),Cognizant,Chennai,No,Yes,https://www.linkedin.com/jobs/view/4469471138/
Data Engineer (Data+AI),EY,Chennai,No,No,https://www.linkedin.com/jobs/view/4469319271/
"Staff Software Engineer, Frontend",FurtherAI,Remote,No,Yes,https://www.linkedin.com/jobs/view/4470989011/
Software Engineer II (AP),Planview,Remote,No,Yes,https://www.linkedin.com/jobs/view/4469337303/
Back End Developer,Nexal IIT,Remote,No,Yes,https://www.linkedin.com/jobs/view/4470984263/
Mulesoft RPA Developer - REMOTE (Open to Permanent or Part-Time),Plumlogix (MBE Salesforce Partner),Remote,Yes,Yes,https://www.linkedin.com/jobs/view/4469319917/
Sr Mainframe Developer,Jobgether,Remote,Yes,Yes,https://www.linkedin.com/jobs/view/4469484153/
Full-Stack Developer – Logistics & AI Integration (INDIA),Trilogy NextGen,Remote,Yes,Yes,https://www.linkedin.com/jobs/view/4469327743/
